,Action & Adventure,Anime Features,Anime Series,British TV Shows,Children & Family Movies,Classic & Cult TV,Classic Movies,Comedies,Crime TV Shows,Cult Movies,Documentaries,Docuseries,Dramas,Faith & Spirituality,Horror Movies,Independent Movies,International Movies,International TV Shows,Kids' TV,Korean TV Shows,LGBTQ Movies,Movies,Music & Musicals,Reality TV,Romantic Movies,Romantic TV Shows,Sci-Fi & Fantasy,Science & Nature TV,Spanish-Language TV Shows,Sports Movies,Stand-Up Comedy,Stand-Up Comedy & Talk Shows,TV Action & Adventure,TV Comedies,TV Dramas,TV Horror,TV Mysteries,TV Sci-Fi & Fantasy,TV Shows,TV Thrillers,Teen TV Shows,Thrillers,cluster
Afghanistan,0.0,0.0,0.0,0.0,0.0,0.0,0.0,0.0,0.0,0.0,0.5,0.0,0.0,0.0,0.0,0.0,0.5,0.0,0.0,0.0,0.0,0.0,0.0,0.0,0.0,0.0,0.0,0.0,0.0,0.0,0.0,0.0,0.0,0.0,0.0,0.0,0.0,0.0,0.0,0.0,0.0,0.0,0
Albania,0.0,0.0,0.0,0.0,0.0,0.0,0.0,0.0,0.0,0.0,0.0,0.0,0.5,0.0,0.0,0.0,0.5,0.0,0.0,0.0,0.0,0.0,0.0,0.0,0.0,0.0,0.0,0.0,0.0,0.0,0.0,0.0,0.0,0.0,0.0,0.0,0.0,0.0,0.0,0.0,0.0,0.0,0
Algeria,0.0,0.0,0.0,0.0,0.0,0.0,0.2,0.0,0.0,0.0,0.0,0.0,0.4,0.0,0.0,0.0,0.4,0.0,0.0,0.0,0.0,0.0,0.0,0.0,0.0,0.0,0.0,0.0,0.0,0.0,0.0,0.0,0.0,0.0,0.0,0.0,0.0,0.0,0.0,0.0,0.0,0.0,0
Angola,0.5,0.0,0.0,0.0,0.0,0.0,0.0,0.0,0.0,0.0,0.0,0.0,0.0,0.0,0.0,0.0,0.5,0.0,0.0,0.0,0.0,0.0,0.0,0.0,0.0,0.0,0.0,0.0,0.0,0.0,0.0,0.0,0.0,0.0,0.0,0.0,0.0,0.0,0.0,0.0,0.0,0.0,0
Argentina,0.014778325123152709,0.0,0.0,0.0,0.014778325123152709,0.0,0.0049261083743842365,0.06403940886699508,0.029556650246305417,0.0049261083743842365,0.04433497536945813,0.009852216748768473,0.15763546798029557,0.0,0.014778325123152709,0.029556650246305417,0.2512315270935961,0.06896551724137931,0.014778325123152709,0.0,0.0049261083743842365,0.0049261083743842365,0.024630541871921183,0.0049261083743842365,0.014778325123152709,0.009852216748768473,0.0049261083743842365,0.0,0.08374384236453201,0.029556650246305417,0.034482758620689655,0.0,0.0,0.009852216748768473,0.009852216748768473,0.0049261083743842365,0.0,0.0,0.0,0.0,0.0049261083743842365,0.029556650246305417,0
Armenia,0.0,0.0,0.0,0.0,0.0,0.0,0.0,0.0,0.0,0.0,0.5,0.0,0.0,0.0,0.0,0.0,0.5,0.0,0.0,0.0,0.0,0.0,0.0,0.0,0.0,0.0,0.0,0.0,0.0,0.0,0.0,0.0,0.0,0.0,0.0,0.0,0.0,0.0,0.0,0.0,0.0,0.0,0
Australia,0.03986710963455149,0.0,0.0,0.009966777408637873,0.059800664451827246,0.0,0.013289036544850499,0.04983388704318937,0.026578073089700997,0.006644518272425249,0.04318936877076412,0.03322259136212625,0.10963455149501661,0.0,0.009966777408637873,0.023255813953488372,0.08305647840531562,0.09302325581395349,0.05647840531561462,0.0,0.009966777408637873,0.009966777408637873,0.013289036544850499,0.036544850498338874,0.013289036544850499,0.009966777408637873,0.023255813953488372,0.019933554817275746,0.0,0.023255813953488372,0.009966777408637873,0.0,0.006644518272425249,0.046511627906976744,0.06312292358803986,0.0033222591362126247,0.006644518272425249,0.009966777408637873,0.0,0.006644518272425249,0.0033222591362126247,0.026578073089700997,1
Austria,0.0,0.0,0.0,0.0,0.0,0.0,0.0,0.0,0.037037037037037035,0.0,0.1111111111111111,0.0,0.2222222222222222,0.0,0.0,0.14814814814814814,0.2962962962962963,0.037037037037037035,0.0,0.0,0.0,0.0,0.0,0.0,0.0,0.0,0.037037037037037035,0.0,0.0,0.037037037037037035,0.0,0.0,0.0,0.0,0.037037037037037035,0.0,0.0,0.0,0.0,0.0,0.0,0.037037037037037035,0
Azerbaijan,0.0,0.0,0.0,0.0,0.0,0.0,0.0,0.0,0.0,0.0,0.0,0.0,0.0,0.0,0.0,0.0,0.0,0.3333333333333333,0.0,0.0,0.0,0.0,0.0,0.0,0.0,0.3333333333333333,0.0,0.0,0.0,0.0,0.0,0.0,0.0,0.0,0.3333333333333333,0.0,0.0,0.0,0.0,0.0,0.0,0.0,1
Bahamas,1.0,0.0,0.0,0.0,0.0,0.0,0.0,0.0,0.0,0.0,0.0,0.0,0.0,0.0,0.0,0.0,0.0,0.0,0.0,0.0,0.0,0.0,0.0,0.0,0.0,0.0,0.0,0.0,0.0,0.0,0.0,0.0,0.0,0.0,0.0,0.0,0.0,0.0,0.0,0.0,0.0,0.0,1
Bangladesh,0.0,0.0,0.0,0.0,0.0,0.0,0.0,0.1111111111111111,0.0,0.0,0.0,0.0,0.3333333333333333,0.0,0.0,0.3333333333333333,0.2222222222222222,0.0,0.0,0.0,0.0,0.0,0.0,0.0,0.0,0.0,0.0,0.0,0.0,0.0,0.0,0.0,0.0,0.0,0.0,0.0,0.0,0.0,0.0,0.0,0.0,0.0,0
Belarus,0.0,0.0,0.0,0.3333333333333333,0.0,0.0,0.0,0.0,0.0,0.0,0.0,0.0,0.0,0.0,0.0,0.0,0.0,0.0,0.3333333333333333,0.0,0.0,0.0,0.0,0.0,0.0,0.0,0.0,0.0,0.0,0.0,0.0,0.0,0.0,0.3333333333333333,0.0,0.0,0.0,0.0,0.0,0.0,0.0,0.0,1
Belgium,0.05188679245283019,0.0,0.0,0.0,0.0330188679245283,0.0,0.0047169811320754715,0.08962264150943396,0.0330188679245283,0.0,0.02830188679245283,0.0,0.19811320754716982,0.0,0.018867924528301886,0.07075471698113207,0.25943396226415094,0.04716981132075472,0.0047169811320754715,0.0,0.014150943396226415,0.0,0.009433962264150943,0.0,0.014150943396226415,0.0,0.014150943396226415,0.0,0.0,0.0,0.0,0.0,0.009433962264150943,0.0,0.03773584905660377,0.0,0.009433962264150943,0.0047169811320754715,0.0,0.0,0.0,0.04716981132075472,0
Bermuda,0.0,0.0,0.0,0.0,0.0,0.0,0.0,0.0,0.0,0.0,1.0,0.0,0.0,0.0,0.0,0.0,0.0,0.0,0.0,0.0,0.0,0.0,0.0,0.0,0.0,0.0,0.0,0.0,0.0,0.0,0.0,0.0,0.0,0.0,0.0,0.0,0.0,0.0,0.0,0.0,0.0,0.0,2
Botswana,0.0,0.0,0.0,0.0,0.0,0.0,0.0,0.0,0.0,0.0,1.0,0.0,0.0,0.0,0.0,0.0,0.0,0.0,0.0,0.0,0.0,0.0,0.0,0.0,0.0,0.0,0.0,0.0,0.0,0.0,0.0,0.0,0.0,0.0,0.0,0.0,0.0,0.0,0.0,0.0,0.0,0.0,2
Brazil,0.014354066985645933,0.0,0.0,0.0,0.03349282296650718,0.0,0.0,0.08133971291866028,0.023923444976076555,0.0,0.05741626794258373,0.023923444976076555,0.11004784688995216,0.019138755980861243,0.0,0.04784688995215311,0.17703349282296652,0.11961722488038277,0.014354066985645933,0.0,0.014354066985645933,0.0,0.019138755980861243,0.023923444976076555,0.009569377990430622,0.009569377990430622,0.0,0.009569377990430622,0.0,0.009569377990430622,0.0430622009569378,0.004784688995215311,0.0,0.028708133971291867,0.04784688995215311,0.009569377990430622,0.023923444976076555,0.009569377990430622,0.0,0.0,0.0,0.014354066985645933,1
Bulgaria,0.23529411764705882,0.0,0.0,0.0,0.058823529411764705,0.0,0.0,0.0,0.0,0.0,0.0,0.0,0.11764705882352941,0.0,0.058823529411764705,0.058823529411764705,0.23529411764705882,0.0,0.0,0.0,0.0,0.0,0.0,0.0,0.0,0.0,0.058823529411764705,0.0,0.0,0.0,0.0,0.0,0.0,0.0,0.0,0.0,0.0,0.0,0.0,0.0,0.0,0.17647058823529413,0
Cambodia,0.25,0.0,0.0,0.0,0.125,0.0,0.0,0.125,0.0,0.0,0.0,0.0,0.125,0.0,0.0,0.0,0.25,0.0,0.0,0.0,0.0,0.0,0.0,0.0,0.0,0.0,0.125,0.0,0.0,0.0,0.0,0.0,0.0,0.0,0.0,0.0,0.0,0.0,0.0,0.0,0.0,0.0,0
Canada,0.0460772104607721,0.0,0.0024906600249066002,0.0037359900373599006,0.08468244084682441,0.0049813200498132005,0.0,0.10087173100871731,0.0186799501867995,0.007471980074719801,0.05105853051058531,0.0136986301369863,0.08841843088418432,0.0037359900373599006,0.038605230386052306,0.048567870485678705,0.06973848069738481,0.029887920298879204,0.0759651307596513,0.0012453300124533001,0.007471980074719801,0.007471980074719801,0.0161892901618929,0.0112079701120797,0.0273972602739726,0.0024906600249066002,0.0273972602739726,0.0049813200498132005,0.0,0.014943960149439602,0.0024906600249066002,0.0,0.014943960149439602,0.0361145703611457,0.039850560398505604,0.009962640099626401,0.0112079701120797,0.0112079701120797,0.0,0.0062266500622665,0.0024906600249066002,0.05603985056039851,1
Cayman Islands,0.0,0.0,0.0,0.0,0.5,0.0,0.0,0.5,0.0,0.0,0.0,0.0,0.0,0.0,0.0,0.0,0.0,0.0,0.0,0.0,0.0,0.0,0.0,0.0,0.0,0.0,0.0,0.0,0.0,0.0,0.0,0.0,0.0,0.0,0.0,0.0,0.0,0.0,0.0,0.0,0.0,0.0,1
Chile,0.016129032258064516,0.0,0.0,0.0,0.016129032258064516,0.0,0.0,0.11290322580645161,0.016129032258064516,0.0,0.0,0.0,0.16129032258064516,0.0,0.03225806451612903,0.08064516129032258,0.24193548387096775,0.08064516129032258,0.0,0.0,0.0,0.0,0.0,0.0,0.016129032258064516,0.0,0.0,0.0,0.06451612903225806,0.016129032258064516,0.04838709677419355,0.0,0.0,0.0,0.06451612903225806,0.0,0.0,0.0,0.0,0.0,0.0,0.03225806451612903,0
China,0.1544943820224719,0.0028089887640449437,0.0,0.0056179775280898875,0.042134831460674156,0.0,0.0,0.08426966292134831,0.011235955056179775,0.0028089887640449437,0.016853932584269662,0.0028089887640449437,0.07865168539325842,0.0028089887640449437,0.0056179775280898875,0.0056179775280898875,0.1797752808988764,0.10674157303370786,0.016853932584269662,0.0028089887640449437,0.0,0.0,0.0056179775280898875,0.0028089887640449437,0.025280898876404494,0.05898876404494382,0.03651685393258427,0.0,0.0,0.0028089887640449437,0.0,0.0,0.019662921348314606,0.033707865168539325,0.056179775280898875,0.0,0.0028089887640449437,0.008426966292134831,0.0,0.0,0.011235955056179775,0.014044943820224719,1
Colombia,0.008264462809917356,0.0,0.0,0.0,0.0,0.0,0.0,0.05785123966942149,0.14049586776859505,0.0,0.024793388429752067,0.008264462809917356,0.04132231404958678,0.0,0.0,0.01652892561983471,0.10743801652892562,0.2231404958677686,0.0,0.0,0.0,0.0,0.0,0.0,0.01652892561983471,0.03305785123966942,0.008264462809917356,0.0,0.21487603305785125,0.0,0.024793388429752067,0.0,0.008264462809917356,0.008264462809917356,0.05785123966942149,0.0,0.0,0.0,0.0,0.0,0.0,0.0,1
Croatia,0.0,0.0,0.0,0.0,0.0,0.0,0.0,0.1111111111111111,0.0,0.0,0.0,0.0,0.2222222222222222,0.0,0.0,0.2222222222222222,0.2222222222222222,0.1111111111111111,0.0,0.0,0.0,0.0,0.0,0.0,0.0,0.0,0.0,0.0,0.0,0.0,0.0,0.0,0.0,0.0,0.1111111111111111,0.0,0.0,0.0,0.0,0.0,0.0,0.0,0
Cuba,0.0,0.0,0.0,0.0,0.0,0.0,0.0,0.0,0.3333333333333333,0.0,0.0,0.0,0.0,0.0,0.0,0.0,0.0,0.3333333333333333,0.0,0.0,0.0,0.0,0.0,0.0,0.0,0.0,0.0,0.0,0.3333333333333333,0.0,0.0,0.0,0.0,0.0,0.0,0.0,0.0,0.0,0.0,0.0,0.0,0.0,1
Cyprus,0.0,0.0,0.0,0.0,0.0,0.0,0.0,0.0,0.0,0.0,0.0,0.0,0.0,0.0,0.0,0.0,0.0,0.0,0.5,0.0,0.0,0.0,0.0,0.0,0.0,0.0,0.0,0.0,0.0,0.0,0.0,0.0,0.0,0.5,0.0,0.0,0.0,0.0,0.0,0.0,0.0,0.0,1
Czech Republic,0.10416666666666667,0.0,0.0,0.020833333333333332,0.020833333333333332,0.0,0.0,0.0625,0.041666666666666664,0.020833333333333332,0.020833333333333332,0.08333333333333333,0.10416666666666667,0.0,0.020833333333333332,0.020833333333333332,0.1875,0.0625,0.0,0.0,0.0,0.0,0.0,0.020833333333333332,0.020833333333333332,0.0,0.0625,0.020833333333333332,0.0,0.020833333333333332,0.0,0.0,0.0,0.0,0.020833333333333332,0.020833333333333332,0.0,0.0,0.0,0.020833333333333332,0.0,0.020833333333333332,1
Denmark,0.030612244897959183,0.0,0.0,0.0,0.030612244897959183,0.0,0.0,0.01020408163265306,0.02040816326530612,0.01020408163265306,0.09183673469387756,0.01020408163265306,0.15306122448979592,0.0,0.0,0.07142857142857142,0.21428571428571427,0.10204081632653061,0.030612244897959183,0.0,0.01020408163265306,0.0,0.0,0.0,0.01020408163265306,0.0,0.0,0.0,0.0,0.01020408163265306,0.0,0.0,0.01020408163265306,0.02040816326530612,0.08163265306122448,0.0,0.02040816326530612,0.0,0.0,0.01020408163265306,0.0,0.05102040816326531,1
Dominican Republic,0.0,0.0,0.0,0.0,0.0,0.0,0.0,0.0,0.0,0.0,0.0,0.0,0.0,0.0,0.3333333333333333,0.0,0.3333333333333333,0.0,0.0,0.0,0.0,0.0,0.0,0.0,0.0,0.0,0.0,0.0,0.0,0.0,0.0,0.0,0.0,0.0,0.0,0.0,0.0,0.0,0.0,0.0,0.0,0.3333333333333333,0
East Germany,0.0,0.0,0.0,0.0,0.3333333333333333,0.0,0.3333333333333333,0.3333333333333333,0.0,0.0,0.0,0.0,0.0,0.0,0.0,0.0,0.0,0.0,0.0,0.0,0.0,0.0,0.0,0.0,0.0,0.0,0.0,0.0,0.0,0.0,0.0,0.0,0.0,0.0,0.0,0.0,0.0,0.0,0.0,0.0,0.0,0.0,1
Ecuador,0.0,0.0,0.0,0.0,0.0,0.0,0.0,0.0,0.0,0.0,1.0,0.0,0.0,0.0,0.0,0.0,0.0,0.0,0.0,0.0,0.0,0.0,0.0,0.0,0.0,0.0,0.0,0.0,0.0,0.0,0.0,0.0,0.0,0.0,0.0,0.0,0.0,0.0,0.0,0.0,0.0,0.0,2
Egypt,0.050359712230215826,0.0,0.0,0.0,0.0035971223021582736,0.0,0.02877697841726619,0.20503597122302158,0.0035971223021582736,0.0,0.0035971223021582736,0.0,0.1474820143884892,0.0,0.01079136690647482,0.01079136690647482,0.34172661870503596,0.046762589928057555,0.0,0.0,0.0,0.0,0.01079136690647482,0.0,0.04316546762589928,0.01079136690647482,0.0,0.0,0.0,0.0035971223021582736,0.0,0.0,0.0,0.01079136690647482,0.039568345323741004,0.0035971223021582736,0.007194244604316547,0.0035971223021582736,0.0,0.0,0.0,0.014388489208633094,0
Finland,0.03571428571428571,0.0,0.0,0.03571428571428571,0.03571428571428571,0.0,0.0,0.07142857142857142,0.07142857142857142,0.0,0.10714285714285714,0.0,0.07142857142857142,0.0,0.0,0.0,0.21428571428571427,0.07142857142857142,0.07142857142857142,0.0,0.0,0.0,0.03571428571428571,0.0,0.0,0.0,0.0,0.0,0.0,0.03571428571428571,0.0,0.0,0.0,0.07142857142857142,0.07142857142857142,0.0,0.0,0.0,0.0,0.0,0.0,0.0,1
France,0.03907203907203907,0.0,0.0,0.001221001221001221,0.0231990231990232,0.0,0.006105006105006105,0.05860805860805861,0.02442002442002442,0.002442002442002442,0.05128205128205128,0.008547008547008548,0.17704517704517705,0.002442002442002442,0.01098901098901099,0.07448107448107448,0.23321123321123322,0.04884004884004884,0.050061050061050064,0.0,0.001221001221001221,0.001221001221001221,0.009768009768009768,0.002442002442002442,0.02442002442002442,0.002442002442002442,0.01098901098901099,0.001221001221001221,0.0,0.014652014652014652,0.004884004884004884,0.001221001221001221,0.004884004884004884,0.026862026862026864,0.030525030525030524,0.003663003663003663,0.002442002442002442,0.001221001221001221,0.0,0.003663003663003663,0.0,0.040293040293040296,0
Georgia,0.0,0.0,0.0,0.0,0.0,0.0,0.0,0.0,0.0,0.0,0.2,0.0,0.2,0.0,0.0,0.2,0.4,0.0,0.0,0.0,0.0,0.0,0.0,0.0,0.0,0.0,0.0,0.0,0.0,0.0,0.0,0.0,0.0,0.0,0.0,0.0,0.0,0.0,0.0,0.0,0.0,0.0,0
Germany,0.06,0.0,0.0,0.011111111111111112,0.03777777777777778,0.0,0.0,0.08444444444444445,0.035555555555555556,0.0044444444444444444,0.042222222222222223,0.015555555555555555,0.1511111111111111,0.0022222222222222222,0.013333333333333334,0.057777777777777775,0.18222222222222223,0.07333333333333333,0.015555555555555555,0.0,0.0044444444444444444,0.0044444444444444444,0.013333333333333334,0.006666666666666667,0.02,0.0022222222222222222,0.024444444444444446,0.006666666666666667,0.0,0.008888888888888889,0.008888888888888889,0.0022222222222222222,0.0022222222222222222,0.011111111111111112,0.044444444444444446,0.0,0.0022222222222222222,0.0022222222222222222,0.0,0.0,0.0,0.04888888888888889,1
Ghana,0.0,0.0,0.0,0.0,0.0,0.0,0.0,0.18181818181818182,0.0,0.0,0.0,0.0,0.36363636363636365,0.0,0.0,0.09090909090909091,0.36363636363636365,0.0,0.0,0.0,0.0,0.0,0.0,0.0,0.0,0.0,0.0,0.0,0.0,0.0,0.0,0.0,0.0,0.0,0.0,0.0,0.0,0.0,0.0,0.0,0.0,0.0,0
Greece,0.05,0.0,0.0,0.1,0.0,0.0,0.0,0.05,0.0,0.0,0.05,0.1,0.15,0.0,0.0,0.1,0.05,0.05,0.0,0.0,0.05,0.1,0.0,0.0,0.05,0.0,0.05,0.05,0.0,0.0,0.0,0.0,0.0,0.0,0.0,0.0,0.0,0.0,0.0,0.0,0.0,0.0,1
Guatemala,0.0,0.0,0.0,0.0,0.0,0.0,0.0,0.0,0.0,0.0,0.2,0.0,0.2,0.0,0.0,0.2,0.4,0.0,0.0,0.0,0.0,0.0,0.0,0.0,0.0,0.0,0.0,0.0,0.0,0.0,0.0,0.0,0.0,0.0,0.0,0.0,0.0,0.0,0.0,0.0,0.0,0.0,0
Hong Kong,0.25984251968503935,0.0,0.0,0.0,0.007874015748031496,0.0,0.003937007874015748,0.1220472440944882,0.007874015748031496,0.015748031496062992,0.003937007874015748,0.0,0.1220472440944882,0.0,0.0,0.015748031496062992,0.3188976377952756,0.01968503937007874,0.0,0.003937007874015748,0.0,0.0,0.003937007874015748,0.0,0.03937007874015748,0.007874015748031496,0.011811023622047244,0.0,0.0,0.003937007874015748,0.0,0.0,0.0,0.003937007874015748,0.015748031496062992,0.0,0.0,0.0,0.0,0.0,0.0,0.011811023622047244,0
Hungary,0.11764705882352941,0.0,0.0,0.0,0.058823529411764705,0.0,0.0,0.0,0.0,0.0,0.0,0.0,0.35294117647058826,0.0,0.0,0.0,0.23529411764705882,0.0,0.0,0.0,0.0,0.0,0.0,0.0,0.058823529411764705,0.0,0.058823529411764705,0.0,0.0,0.0,0.0,0.0,0.0,0.0,0.058823529411764705,0.0,0.0,0.0,0.0,0.0,0.0,0.058823529411764705,0
Iceland,0.045454545454545456,0.0,0.0,0.0,0.0,0.0,0.0,0.0,0.09090909090909091,0.0,0.0,0.0,0.22727272727272727,0.0,0.045454545454545456,0.13636363636363635,0.09090909090909091,0.09090909090909091,0.0,0.0,0.0,0.0,0.0,0.0,0.045454545454545456,0.0,0.045454545454545456,0.0,0.0,0.0,0.045454545454545456,0.0,0.0,0.0,0.09090909090909091,0.0,0.0,0.0,0.0,0.0,0.0,0.045454545454545456,1
India,0.05037593984962406,0.0,0.0,0.0007518796992481203,0.008270676691729323,0.0,0.004135338345864661,0.11578947368421053,0.0033834586466165413,0.0018796992481203006,0.009774436090225564,0.002631578947368421,0.23533834586466165,0.0015037593984962407,0.012781954887218045,0.05451127819548872,0.3112781954887218,0.022556390977443608,0.004511278195488722,0.0,0.0007518796992481203,0.0,0.036466165413533834,0.0015037593984962407,0.0424812030075188,0.0037593984962406013,0.004511278195488722,0.0,0.0,0.006766917293233083,0.002255639097744361,0.0011278195488721805,0.0018796992481203006,0.009398496240601503,0.009398496240601503,0.002631578947368421,0.0011278195488721805,0.0011278195488721805,0.0007518796992481203,0.0011278195488721805,0.00037593984962406017,0.03308270676691729,0
Indonesia,0.029411764705882353,0.0,0.0,0.0,0.024509803921568627,0.0,0.0,0.06372549019607843,0.0,0.0,0.00980392156862745,0.0,0.2696078431372549,0.024509803921568627,0.049019607843137254,0.0,0.3480392156862745,0.00980392156862745,0.004901960784313725,0.0,0.0,0.0,0.004901960784313725,0.0,0.11274509803921569,0.004901960784313725,0.00980392156862745,0.0,0.0,0.0196078431372549,0.0,0.0,0.0,0.004901960784313725,0.00980392156862745,0.0,0.0,0.0,0.0,0.0,0.0,0.0,0
Iran,0.0,0.0,0.0,0.0,0.0,0.0,0.09090909090909091,0.0,0.0,0.0,0.0,0.0,0.2727272727272727,0.0,0.09090909090909091,0.18181818181818182,0.2727272727272727,0.0,0.0,0.0,0.0,0.0,0.0,0.0,0.0,0.0,0.0,0.0,0.0,0.0,0.0,0.0,0.0,0.0,0.0,0.0,0.0,0.0,0.0,0.0,0.0,0.09090909090909091,0
Iraq,0.0,0.0,0.0,0.0,0.0,0.0,0.0,0.0,0.0,0.0,0.5,0.0,0.0,0.0,0.0,0.0,0.5,0.0,0.0,0.0,0.0,0.0,0.0,0.0,0.0,0.0,0.0,0.0,0.0,0.0,0.0,0.0,0.0,0.0,0.0,0.0,0.0,0.0,0.0,0.0,0.0,0.0,0
Ireland,0.036585365853658534,0.0,0.0,0.036585365853658534,0.04878048780487805,0.0,0.0,0.06097560975609756,0.024390243902439025,0.0,0.07317073170731707,0.0,0.14634146341463414,0.012195121951219513,0.036585365853658534,0.07317073170731707,0.14634146341463414,0.036585365853658534,0.036585365853658534,0.0,0.0,0.0,0.0,0.0,0.04878048780487805,0.0,0.0,0.0,0.0,0.024390243902439025,0.0,0.0,0.012195121951219513,0.024390243902439025,0.08536585365853659,0.012195121951219513,0.012195121951219513,0.0,0.0,0.0,0.0,0.012195121951219513,1
Israel,0.015873015873015872,0.0,0.0,0.0,0.0,0.0,0.0,0.031746031746031744,0.06349206349206349,0.0,0.09523809523809523,0.047619047619047616,0.12698412698412698,0.015873015873015872,0.031746031746031744,0.06349206349206349,0.20634920634920634,0.1111111111111111,0.0,0.0,0.0,0.0,0.0,0.0,0.0,0.0,0.015873015873015872,0.0,0.0,0.015873015873015872,0.0,0.0,0.047619047619047616,0.015873015873015872,0.047619047619047616,0.0,0.0,0.0,0.0,0.0,0.0,0.047619047619047616,1
Italy,0.02030456852791878,0.0,0.0,0.0,0.015228426395939087,0.0,0.025380710659898477,0.06091370558375635,0.025380710659898477,0.0,0.09137055837563451,0.01015228426395939,0.1319796954314721,0.005076142131979695,0.01015228426395939,0.030456852791878174,0.24873096446700507,0.05583756345177665,0.050761421319796954,0.0,0.005076142131979695,0.0,0.015228426395939087,0.0,0.02030456852791878,0.01015228426395939,0.005076142131979695,0.0,0.005076142131979695,0.015228426395939087,0.02030456852791878,0.0,0.0,0.01015228426395939,0.05583756345177665,0.005076142131979695,0.0,0.0,0.0,0.0,0.005076142131979695,0.04568527918781726,0
Jamaica,0.0,0.0,0.0,0.0,0.0,0.0,0.0,0.0,0.0,0.0,0.0,0.0,0.3333333333333333,0.0,0.0,0.0,0.3333333333333333,0.0,0.0,0.0,0.0,0.0,0.0,0.0,0.0,0.0,0.0,0.0,0.0,0.3333333333333333,0.0,0.0,0.0,0.0,0.0,0.0,0.0,0.0,0.0,0.0,0.0,0.0,0
Japan,0.07121212121212121,0.08484848484848485,0.2,0.0,0.025757575757575757,0.0,0.004545454545454545,0.012121212121212121,0.022727272727272728,0.0015151515151515152,0.010606060606060607,0.0015151515151515152,0.02878787878787879,0.0,0.004545454545454545,0.00909090909090909,0.09242424242424242,0.2106060606060606,0.04090909090909091,0.0,0.0015151515151515152,0.0030303030303030303,0.00909090909090909,0.013636363636363636,0.00909090909090909,0.030303030303030304,0.012121212121212121,0.0,0.0,0.0015151515151515152,0.0,0.0015151515151515152,0.007575757575757576,0.012121212121212121,0.031818181818181815,0.006060606060606061,0.006060606060606061,0.0,0.0015151515151515152,0.006060606060606061,0.021212121212121213,0.004545454545454545,1
Jordan,0.0,0.0,0.0,0.0,0.0,0.0,0.0,0.09090909090909091,0.0,0.0,0.045454545454545456,0.0,0.22727272727272727,0.0,0.045454545454545456,0.0,0.3181818181818182,0.045454545454545456,0.0,0.0,0.0,0.0,0.0,0.0,0.0,0.0,0.0,0.0,0.0,0.045454545454545456,0.0,0.0,0.0,0.0,0.045454545454545456,0.0,0.045454545454545456,0.0,0.0,0.0,0.0,0.09090909090909091,0
Kazakhstan,0.0,0.0,0.0,0.0,1.0,0.0,0.0,0.0,0.0,0.0,0.0,0.0,0.0,0.0,0.0,0.0,0.0,0.0,0.0,0.0,0.0,0.0,0.0,0.0,0.0,0.0,0.0,0.0,0.0,0.0,0.0,0.0,0.0,0.0,0.0,0.0,0.0,0.0,0.0,0.0,0.0,0.0,1
Kenya,0.0,0.0,0.0,0.0,0.0,0.0,0.0,0.1,0.0,0.0,0.1,0.0,0.2,0.0,0.0,0.0,0.3,0.0,0.0,0.0,0.0,0.0,0.0,0.0,0.1,0.0,0.0,0.0,0.0,0.0,0.0,0.0,0.0,0.0,0.0,0.0,0.0,0.0,0.0,0.0,0.0,0.2,0
Kuwait,0.05263157894736842,0.0,0.0,0.0,0.0,0.0,0.0,0.15789473684210525,0.0,0.0,0.0,0.0,0.10526315789473684,0.0,0.0,0.0,0.21052631578947367,0.15789473684210525,0.0,0.0,0.0,0.0,0.0,0.0,0.0,0.05263157894736842,0.05263157894736842,0.0,0.0,0.0,0.0,0.0,0.0,0.0,0.15789473684210525,0.0,0.0,0.0,0.0,0.0,0.0,0.05263157894736842,1
Latvia,0.0,0.0,0.0,0.0,0.0,0.0,0.0,0.0,0.0,0.0,0.0,0.0,0.5,0.0,0.0,0.0,0.5,0.0,0.0,0.0,0.0,0.0,0.0,0.0,0.0,0.0,0.0,0.0,0.0,0.0,0.0,0.0,0.0,0.0,0.0,0.0,0.0,0.0,0.0,0.0,0.0,0.0,0
Lebanon,0.0,0.0,0.0,0.0,0.015151515151515152,0.0,0.015151515151515152,0.06060606060606061,0.030303030303030304,0.0,0.06060606060606061,0.0,0.21212121212121213,0.0,0.0,0.030303030303030304,0.2727272727272727,0.10606060606060606,0.0,0.0,0.0,0.0,0.015151515151515152,0.0,0.045454545454545456,0.015151515151515152,0.0,0.0,0.0,0.0,0.0,0.0,0.0,0.0,0.10606060606060606,0.0,0.0,0.0,0.0,0.015151515151515152,0.0,0.0,0
Liechtenstein,0.0,0.0,0.0,0.0,0.0,0.0,0.3333333333333333,0.0,0.0,0.0,0.0,0.0,0.3333333333333333,0.0,0.0,0.0,0.0,0.0,0.0,0.0,0.0,0.0,0.0,0.0,0.3333333333333333,0.0,0.0,0.0,0.0,0.0,0.0,0.0,0.0,0.0,0.0,0.0,0.0,0.0,0.0,0.0,0.0,0.0,1
Lithuania,0.0,0.0,0.0,0.0,0.0,0.0,0.0,0.0,0.0,0.0,0.0,0.0,0.5,0.0,0.0,0.0,0.5,0.0,0.0,0.0,0.0,0.0,0.0,0.0,0.0,0.0,0.0,0.0,0.0,0.0,0.0,0.0,0.0,0.0,0.0,0.0,0.0,0.0,0.0,0.0,0.0,0.0,0
Luxembourg,0.12,0.0,0.0,0.0,0.12,0.0,0.0,0.0,0.0,0.0,0.0,0.0,0.32,0.0,0.0,0.08,0.24,0.0,0.04,0.0,0.0,0.0,0.0,0.0,0.0,0.0,0.04,0.0,0.0,0.0,0.0,0.0,0.0,0.0,0.0,0.0,0.0,0.0,0.0,0.0,0.0,0.04,0
Malawi,0.0,0.0,0.0,0.0,0.3333333333333333,0.0,0.0,0.0,0.0,0.0,0.0,0.0,0.3333333333333333,0.0,0.0,0.3333333333333333,0.0,0.0,0.0,0.0,0.0,0.0,0.0,0.0,0.0,0.0,0.0,0.0,0.0,0.0,0.0,0.0,0.0,0.0,0.0,0.0,0.0,0.0,0.0,0.0,0.0,0.0,1
Malaysia,0.07936507936507936,0.0,0.0,0.0,0.015873015873015872,0.0,0.0,0.1111111111111111,0.0,0.0,0.0,0.0,0.1746031746031746,0.0,0.06349206349206349,0.015873015873015872,0.2698412698412698,0.06349206349206349,0.06349206349206349,0.015873015873015872,0.0,0.0,0.0,0.0,0.031746031746031744,0.015873015873015872,0.0,0.0,0.0,0.0,0.0,0.0,0.0,0.031746031746031744,0.031746031746031744,0.0,0.015873015873015872,0.0,0.0,0.0,0.0,0.0,0
Malta,0.0,0.0,0.0,0.0,0.0,0.0,0.0,0.0,0.16666666666666666,0.0,0.0,0.0,0.16666666666666666,0.0,0.0,0.0,0.0,0.0,0.0,0.0,0.0,0.0,0.0,0.0,0.16666666666666666,0.0,0.0,0.0,0.0,0.0,0.0,0.0,0.16666666666666666,0.0,0.16666666666666666,0.0,0.0,0.0,0.0,0.0,0.0,0.16666666666666666,1
Mauritius,0.0,0.0,0.0,0.0,0.0,0.0,0.0,0.0,0.0,0.0,0.0,0.0,0.0,0.0,0.0,0.0,0.0,0.5,0.0,0.0,0.0,0.0,0.0,0.0,0.0,0.0,0.0,0.0,0.0,0.0,0.0,0.0,0.0,0.0,0.5,0.0,0.0,0.0,0.0,0.0,0.0,0.0,1
Mexico,0.018970189701897018,0.0,0.0,0.0,0.01084010840108401,0.005420054200542005,0.0027100271002710027,0.06233062330623306,0.07859078590785908,0.0,0.04878048780487805,0.008130081300813009,0.10569105691056911,0.0,0.016260162601626018,0.05420054200542006,0.17615176151761516,0.10569105691056911,0.01084010840108401,0.0,0.0027100271002710027,0.0027100271002710027,0.008130081300813009,0.005420054200542005,0.018970189701897018,0.013550135501355014,0.01084010840108401,0.0,0.1111111111111111,0.008130081300813009,0.04607046070460705,0.0027100271002710027,0.016260162601626018,0.008130081300813009,0.032520325203252036,0.0,0.0,0.0027100271002710027,0.0,0.0,0.0,0.005420054200542005,1
Mongolia,0.0,0.0,0.0,0.0,0.0,0.0,0.0,0.0,0.0,0.0,0.5,0.0,0.0,0.0,0.0,0.0,0.5,0.0,0.0,0.0,0.0,0.0,0.0,0.0,0.0,0.0,0.0,0.0,0.0,0.0,0.0,0.0,0.0,0.0,0.0,0.0,0.0,0.0,0.0,0.0,0.0,0.0,0
Montenegro,0.0,0.0,0.0,0.0,0.0,0.0,0.0,0.0,0.0,0.0,0.0,0.0,0.5,0.0,0.0,0.0,0.5,0.0,0.0,0.0,0.0,0.0,0.0,0.0,0.0,0.0,0.0,0.0,0.0,0.0,0.0,0.0,0.0,0.0,0.0,0.0,0.0,0.0,0.0,0.0,0.0,0.0,0
Morocco,0.08333333333333333,0.0,0.0,0.0,0.0,0.0,0.0,0.0,0.0,0.0,0.08333333333333333,0.0,0.3333333333333333,0.16666666666666666,0.0,0.08333333333333333,0.25,0.0,0.0,0.0,0.0,0.0,0.0,0.0,0.0,0.0,0.0,0.0,0.0,0.0,0.0,0.0,0.0,0.0,0.0,0.0,0.0,0.0,0.0,0.0,0.0,0.0,0
Namibia,0.0,0.0,0.0,0.0,0.0,0.0,0.0,0.0,0.0,0.0,0.25,0.0,0.25,0.0,0.0,0.0,0.5,0.0,0.0,0.0,0.0,0.0,0.0,0.0,0.0,0.0,0.0,0.0,0.0,0.0,0.0,0.0,0.0,0.0,0.0,0.0,0.0,0.0,0.0,0.0,0.0,0.0,0
Nepal,0.16666666666666666,0.0,0.0,0.0,0.0,0.0,0.0,0.3333333333333333,0.0,0.0,0.0,0.0,0.16666666666666666,0.0,0.0,0.0,0.3333333333333333,0.0,0.0,0.0,0.0,0.0,0.0,0.0,0.0,0.0,0.0,0.0,0.0,0.0,0.0,0.0,0.0,0.0,0.0,0.0,0.0,0.0,0.0,0.0,0.0,0.0,0
Netherlands,0.00980392156862745,0.0,0.0,0.00980392156862745,0.029411764705882353,0.0,0.0,0.058823529411764705,0.0196078431372549,0.0,0.09803921568627451,0.0,0.16666666666666666,0.0,0.0,0.029411764705882353,0.3235294117647059,0.049019607843137254,0.029411764705882353,0.0,0.0196078431372549,0.0,0.0196078431372549,0.0,0.029411764705882353,0.0,0.0196078431372549,0.0,0.0,0.00980392156862745,0.00980392156862745,0.0,0.00980392156862745,0.00980392156862745,0.029411764705882353,0.00980392156862745,0.0,0.0,0.0,0.0,0.0,0.00980392156862745,0
New Zealand,0.10714285714285714,0.0,0.0,0.0,0.03571428571428571,0.0,0.0,0.03571428571428571,0.0,0.0,0.125,0.017857142857142856,0.125,0.0,0.0,0.03571428571428571,0.14285714285714285,0.03571428571428571,0.07142857142857142,0.0,0.0,0.0,0.0,0.017857142857142856,0.0,0.0,0.05357142857142857,0.0,0.0,0.05357142857142857,0.0,0.0,0.03571428571428571,0.0,0.03571428571428571,0.0,0.0,0.05357142857142857,0.0,0.017857142857142856,0.0,0.0,1
Nicaragua,0.0,0.0,0.0,0.0,0.0,0.0,0.0,0.0,0.0,0.0,1.0,0.0,0.0,0.0,0.0,0.0,0.0,0.0,0.0,0.0,0.0,0.0,0.0,0.0,0.0,0.0,0.0,0.0,0.0,0.0,0.0,0.0,0.0,0.0,0.0,0.0,0.0,0.0,0.0,0.0,0.0,0.0,2
Nigeria,0.015384615384615385,0.0,0.0,0.0,0.0,0.0,0.0,0.15384615384615385,0.0,0.0,0.005128205128205128,0.0,0.23076923076923078,0.0,0.010256410256410256,0.035897435897435895,0.3282051282051282,0.041025641025641026,0.0,0.0,0.0,0.0,0.005128205128205128,0.0,0.07179487179487179,0.010256410256410256,0.0,0.0,0.0,0.0,0.0,0.0,0.0,0.010256410256410256,0.03076923076923077,0.0,0.0,0.0,0.0,0.0,0.0,0.05128205128205128,0
Norway,0.0547945205479452,0.0,0.0,0.0,0.0136986301369863,0.0,0.0,0.0273972602739726,0.0273972602739726,0.0,0.0410958904109589,0.0136986301369863,0.1643835616438356,0.0,0.0273972602739726,0.0273972602739726,0.2191780821917808,0.1095890410958904,0.0,0.0,0.0,0.0,0.0,0.0,0.0136986301369863,0.0136986301369863,0.0,0.0136986301369863,0.0,0.0,0.0,0.0,0.0136986301369863,0.0410958904109589,0.0684931506849315,0.0136986301369863,0.0136986301369863,0.0,0.0,0.0273972602739726,0.0,0.0547945205479452,1
Pakistan,0.030303030303030304,0.0,0.0,0.0,0.015151515151515152,0.0,0.0,0.10606060606060606,0.015151515151515152,0.0,0.0,0.0,0.19696969696969696,0.0,0.015151515151515152,0.06060606060606061,0.2878787878787879,0.06060606060606061,0.0,0.0,0.0,0.0,0.045454545454545456,0.0,0.06060606060606061,0.06060606060606061,0.0,0.0,0.0,0.0,0.0,0.0,0.0,0.0,0.045454545454545456,0.0,0.0,0.0,0.0,0.0,0.0,0.0,0
Panama,0.0,0.0,0.0,0.0,0.0,0.0,0.0,0.0,0.0,0.0,0.5,0.0,0.0,0.0,0.0,0.0,0.0,0.0,0.0,0.0,0.0,0.0,0.0,0.0,0.0,0.0,0.0,0.0,0.0,0.5,0.0,0.0,0.0,0.0,0.0,0.0,0.0,0.0,0.0,0.0,0.0,0.0,2
Paraguay,0.5,0.0,0.0,0.0,0.0,0.0,0.0,0.0,0.0,0.0,0.0,0.0,0.0,0.0,0.0,0.0,0.5,0.0,0.0,0.0,0.0,0.0,0.0,0.0,0.0,0.0,0.0,0.0,0.0,0.0,0.0,0.0,0.0,0.0,0.0,0.0,0.0,0.0,0.0,0.0,0.0,0.0,0
Peru,0.0,0.0,0.0,0.0,0.0,0.0,0.0,0.13636363636363635,0.0,0.0,0.18181818181818182,0.0,0.09090909090909091,0.0,0.045454545454545456,0.0,0.45454545454545453,0.0,0.0,0.0,0.0,0.0,0.0,0.0,0.045454545454545456,0.0,0.0,0.0,0.0,0.045454545454545456,0.0,0.0,0.0,0.0,0.0,0.0,0.0,0.0,0.0,0.0,0.0,0.0,0
Philippines,0.023923444976076555,0.0,0.0,0.0,0.004784688995215311,0.0,0.0,0.1291866028708134,0.0,0.0,0.004784688995215311,0.0,0.22488038277511962,0.0,0.019138755980861243,0.009569377990430622,0.3684210526315789,0.004784688995215311,0.0,0.0,0.019138755980861243,0.0,0.004784688995215311,0.0,0.1674641148325359,0.0,0.0,0.0,0.0,0.004784688995215311,0.0,0.0,0.0,0.0,0.004784688995215311,0.0,0.0,0.0,0.0,0.0,0.0,0.009569377990430622,0
Poland,0.02197802197802198,0.0,0.0,0.0,0.0,0.0,0.01098901098901099,0.04395604395604396,0.06593406593406594,0.01098901098901099,0.01098901098901099,0.01098901098901099,0.24175824175824176,0.0,0.02197802197802198,0.04395604395604396,0.23076923076923078,0.07692307692307693,0.0,0.0,0.0,0.0,0.0,0.0,0.03296703296703297,0.0,0.01098901098901099,0.0,0.0,0.0,0.0,0.0,0.01098901098901099,0.0,0.07692307692307693,0.0,0.01098901098901099,0.0,0.0,0.0,0.0,0.06593406593406594,0
Portugal,0.0,0.0,0.0,0.0,0.0,0.0,0.0,0.08333333333333333,0.0,0.0,0.0,0.0,0.3333333333333333,0.0,0.0,0.16666666666666666,0.25,0.0,0.0,0.0,0.0,0.0,0.0,0.0,0.08333333333333333,0.0,0.0,0.0,0.0,0.08333333333333333,0.0,0.0,0.0,0.0,0.0,0.0,0.0,0.0,0.0,0.0,0.0,0.0,0
Puerto Rico,0.0,0.0,0.0,0.0,0.0,0.0,0.0,0.0,0.3333333333333333,0.0,0.0,0.0,0.0,0.0,0.0,0.0,0.0,0.3333333333333333,0.0,0.0,0.0,0.0,0.0,0.0,0.0,0.0,0.0,0.0,0.3333333333333333,0.0,0.0,0.0,0.0,0.0,0.0,0.0,0.0,0.0,0.0,0.0,0.0,0.0,1
Qatar,0.0,0.0,0.0,0.0,0.05263157894736842,0.0,0.0,0.10526315789473684,0.0,0.0,0.0,0.0,0.2631578947368421,0.0,0.05263157894736842,0.10526315789473684,0.3157894736842105,0.0,0.0,0.0,0.0,0.0,0.0,0.0,0.0,0.0,0.0,0.0,0.0,0.0,0.0,0.0,0.0,0.0,0.0,0.0,0.0,0.0,0.0,0.0,0.0,0.10526315789473684,0
Romania,0.0,0.0,0.0,0.0,0.03125,0.0,0.0,0.125,0.0,0.0,0.03125,0.0,0.21875,0.0,0.0,0.0,0.34375,0.0,0.0,0.0,0.0,0.0,0.0625,0.0,0.0625,0.0,0.03125,0.0,0.0,0.0,0.0,0.0,0.0,0.0,0.0,0.0,0.0,0.0,0.0,0.0,0.0,0.09375,0
Russia,0.06779661016949153,0.0,0.0,0.0,0.01694915254237288,0.0,0.0,0.0,0.1016949152542373,0.0,0.03389830508474576,0.01694915254237288,0.05084745762711865,0.0,0.01694915254237288,0.0,0.11864406779661017,0.1694915254237288,0.11864406779661017,0.01694915254237288,0.0,0.0,0.0,0.0,0.0,0.01694915254237288,0.01694915254237288,0.01694915254237288,0.0,0.01694915254237288,0.0,0.0,0.01694915254237288,0.03389830508474576,0.11864406779661017,0.0,0.01694915254237288,0.0,0.0,0.0,0.0,0.01694915254237288,1
Samoa,0.0,0.0,0.0,0.0,0.0,0.0,0.0,0.0,0.0,0.0,0.5,0.0,0.0,0.0,0.0,0.0,0.0,0.0,0.0,0.0,0.0,0.0,0.0,0.0,0.0,0.0,0.0,0.0,0.0,0.5,0.0,0.0,0.0,0.0,0.0,0.0,0.0,0.0,0.0,0.0,0.0,0.0,2
Saudi Arabia,0.0,0.0,0.0,0.0,0.0,0.0,0.0,0.21739130434782608,0.0,0.0,0.0,0.0,0.08695652173913043,0.0,0.0,0.043478260869565216,0.2608695652173913,0.13043478260869565,0.0,0.0,0.0,0.0,0.0,0.0,0.043478260869565216,0.0,0.0,0.0,0.0,0.043478260869565216,0.0,0.0,0.0,0.043478260869565216,0.08695652173913043,0.0,0.0,0.0,0.043478260869565216,0.0,0.0,0.0,1
Senegal,0.0,0.0,0.0,0.0,0.0,0.0,0.0,0.0,0.14285714285714285,0.0,0.14285714285714285,0.0,0.14285714285714285,0.0,0.0,0.14285714285714285,0.14285714285714285,0.14285714285714285,0.0,0.0,0.0,0.0,0.0,0.0,0.0,0.0,0.0,0.0,0.0,0.0,0.0,0.0,0.0,0.0,0.14285714285714285,0.0,0.0,0.0,0.0,0.0,0.0,0.0,1
Serbia,0.14285714285714285,0.0,0.0,0.0,0.0,0.0,0.0,0.0,0.0,0.0,0.07142857142857142,0.0,0.21428571428571427,0.0,0.07142857142857142,0.07142857142857142,0.21428571428571427,0.0,0.0,0.0,0.0,0.0,0.0,0.0,0.0,0.0,0.14285714285714285,0.0,0.0,0.0,0.0,0.0,0.0,0.0,0.0,0.0,0.0,0.0,0.0,0.0,0.0,0.07142857142857142,0
Singapore,0.05555555555555555,0.0,0.0,0.0,0.0,0.0,0.0,0.0,0.044444444444444446,0.011111111111111112,0.011111111111111112,0.0,0.07777777777777778,0.0,0.03333333333333333,0.011111111111111112,0.15555555555555556,0.2111111111111111,0.022222222222222223,0.011111111111111112,0.0,0.0,0.0,0.022222222222222223,0.011111111111111112,0.05555555555555555,0.011111111111111112,0.0,0.0,0.0,0.011111111111111112,0.0,0.0,0.022222222222222223,0.16666666666666666,0.011111111111111112,0.0,0.011111111111111112,0.0,0.0,0.0,0.03333333333333333,1
Slovakia,0.0,0.0,0.0,0.0,0.0,0.0,0.0,0.0,0.0,0.0,0.0,0.0,0.5,0.0,0.0,0.0,0.5,0.0,0.0,0.0,0.0,0.0,0.0,0.0,0.0,0.0,0.0,0.0,0.0,0.0,0.0,0.0,0.0,0.0,0.0,0.0,0.0,0.0,0.0,0.0,0.0,0.0,0
Slovenia,0.0,0.0,0.0,0.0,0.0,0.0,0.0,0.125,0.0,0.0,0.0,0.0,0.125,0.0,0.125,0.25,0.25,0.0,0.0,0.0,0.0,0.0,0.0,0.0,0.0,0.0,0.125,0.0,0.0,0.0,0.0,0.0,0.0,0.0,0.0,0.0,0.0,0.0,0.0,0.0,0.0,0.0,0
Somalia,0.0,0.0,0.0,0.0,0.0,0.0,0.0,0.0,0.0,0.0,0.0,0.0,1.0,0.0,0.0,0.0,0.0,0.0,0.0,0.0,0.0,0.0,0.0,0.0,0.0,0.0,0.0,0.0,0.0,0.0,0.0,0.0,0.0,0.0,0.0,0.0,0.0,0.0,0.0,0.0,0.0,0.0,3
South Africa,0.08270676691729323,0.0,0.0,0.007518796992481203,0.0,0.0,0.0,0.10526315789473684,0.022556390977443608,0.0,0.06015037593984962,0.007518796992481203,0.13533834586466165,0.007518796992481203,0.015037593984962405,0.022556390977443608,0.2556390977443609,0.06015037593984962,0.0,0.0,0.0,0.0,0.022556390977443608,0.0,0.06015037593984962,0.007518796992481203,0.022556390977443608,0.0,0.0,0.007518796992481203,0.0,0.0,0.007518796992481203,0.015037593984962405,0.05263157894736842,0.0,0.007518796992481203,0.0,0.0,0.0,0.0,0.015037593984962405,0
South Korea,0.0273972602739726,0.0,0.0,0.0,0.015410958904109588,0.0,0.0,0.0273972602739726,0.039383561643835614,0.0017123287671232876,0.003424657534246575,0.0,0.039383561643835614,0.0,0.00684931506849315,0.003424657534246575,0.06678082191780822,0.238013698630137,0.0273972602739726,0.2243150684931507,0.0,0.0017123287671232876,0.0017123287671232876,0.00684931506849315,0.0017123287671232876,0.1267123287671233,0.008561643835616438,0.0,0.0,0.0,0.003424657534246575,0.005136986301369863,0.011986301369863013,0.0273972602739726,0.04965753424657534,0.005136986301369863,0.005136986301369863,0.0,0.0,0.0017123287671232876,0.0,0.02226027397260274,1
Soviet Union,0.1111111111111111,0.0,0.0,0.0,0.0,0.0,0.0,0.0,0.0,0.0,0.0,0.0,0.2222222222222222,0.0,0.0,0.0,0.3333333333333333,0.0,0.0,0.0,0.0,0.0,0.1111111111111111,0.0,0.1111111111111111,0.0,0.1111111111111111,0.0,0.0,0.0,0.0,0.0,0.0,0.0,0.0,0.0,0.0,0.0,0.0,0.0,0.0,0.0,0
Spain,0.009074410163339383,0.0,0.0018148820326678765,0.007259528130671506,0.016333938294010888,0.0,0.0018148820326678765,0.0780399274047187,0.04900181488203267,0.0,0.036297640653357534,0.012704174228675136,0.132486388384755,0.0054446460980036296,0.019963702359346643,0.034482758620689655,0.23593466424682397,0.0925589836660617,0.007259528130671506,0.0,0.0054446460980036296,0.0054446460980036296,0.009074410163339383,0.003629764065335753,0.018148820326678767,0.016333938294010888,0.016333938294010888,0.0018148820326678765,0.07078039927404718,0.009074410163339383,0.0,0.0,0.0054446460980036296,0.009074410163339383,0.019963702359346643,0.0,0.0,0.0,0.0,0.0,0.0018148820326678765,0.06715063520871144,0
Sri Lanka,0.0,0.0,0.0,0.0,0.0,0.0,0.0,0.0,0.0,0.0,0.5,0.0,0.0,0.0,0.0,0.0,0.5,0.0,0.0,0.0,0.0,0.0,0.0,0.0,0.0,0.0,0.0,0.0,0.0,0.0,0.0,0.0,0.0,0.0,0.0,0.0,0.0,0.0,0.0,0.0,0.0,0.0,0
Sudan,0.0,0.0,0.0,0.0,0.0,0.0,0.0,0.0,0.0,0.0,0.0,0.0,1.0,0.0,0.0,0.0,0.0,0.0,0.0,0.0,0.0,0.0,0.0,0.0,0.0,0.0,0.0,0.0,0.0,0.0,0.0,0.0,0.0,0.0,0.0,0.0,0.0,0.0,0.0,0.0,0.0,0.0,3
Sweden,0.022222222222222223,0.0,0.0,0.0,0.0,0.0,0.0,0.044444444444444446,0.044444444444444446,0.011111111111111112,0.1111111111111111,0.0,0.15555555555555556,0.0,0.0,0.06666666666666667,0.18888888888888888,0.1,0.011111111111111112,0.0,0.0,0.0,0.03333333333333333,0.0,0.011111111111111112,0.022222222222222223,0.0,0.0,0.0,0.011111111111111112,0.011111111111111112,0.0,0.0,0.03333333333333333,0.06666666666666667,0.0,0.0,0.0,0.0,0.011111111111111112,0.0,0.044444444444444446,1
Switzerland,0.023809523809523808,0.0,0.0,0.0,0.023809523809523808,0.0,0.0,0.07142857142857142,0.0,0.0,0.09523809523809523,0.0,0.2619047619047619,0.023809523809523808,0.0,0.07142857142857142,0.30952380952380953,0.023809523809523808,0.0,0.0,0.0,0.0,0.0,0.0,0.0,0.0,0.023809523809523808,0.0,0.0,0.0,0.0,0.0,0.0,0.023809523809523808,0.023809523809523808,0.0,0.0,0.0,0.0,0.0,0.0,0.023809523809523808,0
Syria,0.0,0.0,0.0,0.0,0.0,0.0,0.0,0.0,0.0,0.0,0.0,0.0,0.0,0.0,0.0,0.0,0.0,0.5,0.0,0.0,0.0,0.0,0.0,0.0,0.0,0.0,0.0,0.0,0.0,0.0,0.0,0.0,0.0,0.0,0.5,0.0,0.0,0.0,0.0,0.0,0.0,0.0,1
Taiwan,0.0125,0.0,0.0,0.0,0.0,0.0,0.0,0.008333333333333333,0.020833333333333332,0.0,0.004166666666666667,0.0,0.029166666666666667,0.0,0.0125,0.008333333333333333,0.058333333333333334,0.2916666666666667,0.0,0.0,0.004166666666666667,0.0,0.008333333333333333,0.004166666666666667,0.008333333333333333,0.2,0.0,0.0,0.0,0.004166666666666667,0.0,0.0,0.0125,0.15,0.12083333333333333,0.008333333333333333,0.0125,0.004166666666666667,0.0,0.004166666666666667,0.004166666666666667,0.008333333333333333,1
Thailand,0.040697674418604654,0.0,0.0,0.0,0.005813953488372093,0.0,0.0,0.06976744186046512,0.029069767441860465,0.0,0.029069767441860465,0.005813953488372093,0.040697674418604654,0.01744186046511628,0.08139534883720931,0.0,0.22093023255813954,0.12790697674418605,0.0,0.0,0.023255813953488372,0.0,0.023255813953488372,0.0,0.05232558139534884,0.046511627906976744,0.0,0.0,0.0,0.011627906976744186,0.0,0.0,0.011627906976744186,0.011627906976744186,0.09302325581395349,0.005813953488372093,0.01744186046511628,0.005813953488372093,0.0,0.005813953488372093,0.01744186046511628,0.005813953488372093,1
Turkey,0.017482517482517484,0.0,0.0,0.0,0.006993006993006993,0.0,0.0,0.20279720279720279,0.03496503496503497,0.0,0.0,0.0,0.0944055944055944,0.0,0.013986013986013986,0.01048951048951049,0.2692307692307692,0.0979020979020979,0.0,0.0,0.0,0.0,0.0034965034965034965,0.0,0.08041958041958042,0.02097902097902098,0.0,0.0,0.0,0.006993006993006993,0.0,0.0,0.017482517482517484,0.01048951048951049,0.08041958041958042,0.0034965034965034965,0.006993006993006993,0.0,0.0,0.006993006993006993,0.0034965034965034965,0.01048951048951049,0
Uganda,0.0,0.0,0.0,0.0,0.0,0.0,0.0,0.0,0.0,0.0,1.0,0.0,0.0,0.0,0.0,0.0,0.0,0.0,0.0,0.0,0.0,0.0,0.0,0.0,0.0,0.0,0.0,0.0,0.0,0.0,0.0,0.0,0.0,0.0,0.0,0.0,0.0,0.0,0.0,0.0,0.0,0.0,2
Ukraine,0.0,0.0,0.0,0.0,0.0,0.0,0.0,0.0,0.14285714285714285,0.0,0.14285714285714285,0.0,0.0,0.0,0.0,0.0,0.14285714285714285,0.2857142857142857,0.0,0.0,0.0,0.0,0.0,0.0,0.0,0.0,0.0,0.0,0.0,0.0,0.0,0.0,0.0,0.14285714285714285,0.14285714285714285,0.0,0.0,0.0,0.0,0.0,0.0,0.0,1
United Arab Emirates,0.036585365853658534,0.0,0.0,0.0,0.04878048780487805,0.0,0.0,0.13414634146341464,0.0,0.0,0.07317073170731707,0.0,0.21951219512195122,0.0,0.024390243902439025,0.024390243902439025,0.2804878048780488,0.012195121951219513,0.0,0.0,0.0,0.0,0.0,0.0,0.012195121951219513,0.0,0.036585365853658534,0.0,0.0,0.036585365853658534,0.0,0.0,0.0,0.0,0.012195121951219513,0.0,0.0,0.0,0.0,0.0,0.0,0.04878048780487805,0
United Kingdom,0.046845721424109935,0.0,0.0,0.13241723922548407,0.024984384759525295,0.004372267332916927,0.008744534665833853,0.05309181761399125,0.02873204247345409,0.0037476577139287947,0.07370393504059962,0.05496564647095565,0.09743910056214866,0.0018738288569643974,0.016239850093691444,0.03872579637726421,0.0924422236102436,0.07245471580262336,0.021861336664584636,0.0,0.0037476577139287947,0.0024984384759525295,0.019362898188632106,0.021236727045596503,0.019362898188632106,0.006246096189881324,0.019362898188632106,0.016864459712679577,0.0006246096189881324,0.012492192379762648,0.01311680199875078,0.0006246096189881324,0.004996876951905059,0.027482823235477825,0.02061211742660837,0.0012492192379762648,0.0018738288569643974,0.0024984384759525295,0.0,0.0012492192379762648,0.0,0.03185509056839475,1
United States,0.05226480836236934,0.000663680106188817,0.0024888003982080635,0.003484320557491289,0.05774016923842708,0.0029865604778496766,0.011448481831757094,0.0975609756097561,0.022896963663514187,0.006968641114982578,0.07914385266301642,0.029865604778496764,0.11896465903434544,0.005973120955699353,0.029036004645760744,0.059565289530446326,0.02422432387589182,0.011116641778662685,0.032188485150157625,0.0003318400530944085,0.009955201592832254,0.003982080637132902,0.02024224323875892,0.01841712294673967,0.03169072507051601,0.006470881035340966,0.025883524141363863,0.007466401194624191,0.004479840716774514,0.017255682760909243,0.0351750456280073,0.0054753608760577405,0.014269122283059566,0.03948896631823461,0.03666832586693214,0.005641280902604944,0.008130081300813009,0.008959681433549029,0.0004977600796416127,0.004313920690227311,0.004811680769868923,0.041811846689895474,1
Uruguay,0.0,0.0,0.0,0.0,0.0,0.0,0.0,0.08823529411764706,0.0,0.0,0.20588235294117646,0.029411764705882353,0.17647058823529413,0.0,0.0,0.029411764705882353,0.35294117647058826,0.029411764705882353,0.0,0.0,0.0,0.0,0.029411764705882353,0.0,0.0,0.0,0.0,0.029411764705882353,0.0,0.029411764705882353,0.0,0.0,0.0,0.0,0.0,0.0,0.0,0.0,0.0,0.0,0.0,0.0,0
Vatican City,0.0,0.0,0.0,0.0,0.0,0.0,0.0,0.0,0.0,0.0,0.3333333333333333,0.0,0.0,0.3333333333333333,0.0,0.0,0.3333333333333333,0.0,0.0,0.0,0.0,0.0,0.0,0.0,0.0,0.0,0.0,0.0,0.0,0.0,0.0,0.0,0.0,0.0,0.0,0.0,0.0,0.0,0.0,0.0,0.0,0.0,0
Venezuela,0.0,0.0,0.0,0.0,0.0,0.0,0.0,0.0,0.0,0.0,0.6,0.0,0.0,0.0,0.0,0.0,0.4,0.0,0.0,0.0,0.0,0.0,0.0,0.0,0.0,0.0,0.0,0.0,0.0,0.0,0.0,0.0,0.0,0.0,0.0,0.0,0.0,0.0,0.0,0.0,0.0,0.0,2
Vietnam,0.13333333333333333,0.0,0.0,0.0,0.0,0.0,0.0,0.13333333333333333,0.0,0.0,0.06666666666666667,0.0,0.13333333333333333,0.0,0.06666666666666667,0.0,0.3333333333333333,0.0,0.0,0.0,0.0,0.0,0.06666666666666667,0.0,0.0,0.0,0.0,0.0,0.0,0.0,0.0,0.0,0.0,0.0,0.0,0.0,0.0,0.0,0.0,0.0,0.0,0.06666666666666667,0
West Germany,0.0,0.0,0.0,0.0,0.09090909090909091,0.0,0.09090909090909091,0.09090909090909091,0.0,0.0,0.09090909090909091,0.0,0.0,0.0,0.09090909090909091,0.0,0.18181818181818182,0.09090909090909091,0.0,0.0,0.0,0.0,0.0,0.0,0.0,0.0,0.0,0.0,0.0,0.0,0.0,0.0,0.0,0.09090909090909091,0.09090909090909091,0.0,0.0,0.0,0.0,0.0,0.0,0.09090909090909091,1
Zimbabwe,0.0,0.0,0.0,0.0,0.0,0.0,0.0,0.14285714285714285,0.0,0.0,0.2857142857142857,0.0,0.0,0.0,0.0,0.0,0.42857142857142855,0.0,0.0,0.0,0.0,0.0,0.0,0.0,0.14285714285714285,0.0,0.0,0.0,0.0,0.0,0.0,0.0,0.0,0.0,0.0,0.0,0.0,0.0,0.0,0.0,0.0,0.0,0
